month,t,tb3,tb6,cm1,cm2,cm3,cm5
1986-06,1,6.21,6.28,6.73,7.18,7.41,7.64
1986-07,2,5.84,5.85,6.27,6.67,6.86,7.06
1986-08,3,5.57,5.58,5.93,6.33,6.49,6.80
1986-09,4,5.19,5.31,5.77,6.35,6.62,6.92
1986-10,5,5.18,5.26,5.72,6.28,6.56,6.83
1986-11,6,5.35,5.42,5.80,6.28,6.46,6.76
1986-12,7,5.49,5.53,5.87,6.27,6.43,6.67
1987-01,8,5.45,5.47,5.78,6.23,6.41,6.64
1987-02,9,5.59,5.60,5.96,6.40,6.56,6.79
1987-03,10,5.56,5.56,6.03,6.42,6.58,6.79
1987-04,11,5.76,5.93,6.50,7.02,7.32,7.57
1987-05,12,5.75,6.11,7.00,7.76,8.02,8.26
1987-06,13,5.69,5.99,6.80,7.57,7.82,8.02
1987-07,14,5.78,5.86,6.68,7.44,7.74,8.01
1987-08,15,6.00,6.14,7.03,7.75,8.03,8.32
1987-09,16,6.32,6.57,7.67,8.34,8.67,8.94
1987-10,17,6.40,6.86,7.59,8.40,8.75,9.08
1987-11,18,5.81,6.23,6.96,7.69,7.99,8.35
1987-12,19,5.80,6.36,7.17,7.86,8.13,8.45
1988-01,20,5.90,6.31,6.99,7.63,7.87,8.18
1988-02,21,5.69,5.96,6.64,7.18,7.38,7.71
1988-03,22,5.69,5.91,6.71,7.27,7.50,7.83
1988-04,23,5.92,6.21,7.01,7.59,7.83,8.19
1988-05,24,6.27,6.53,7.40,8.00,8.24,8.58
1988-06,25,6.50,6.76,7.49,8.03,8.22,8.49
1988-07,26,6.73,6.97,7.75,8.28,8.44,8.66
1988-08,27,7.02,7.36,8.17,8.63,8.77,8.94
1988-09,28,7.23,7.43,8.09,8.46,8.57,8.69
1988-10,29,7.34,7.50,8.11,8.35,8.43,8.51
1988-11,30,7.68,7.76,8.48,8.67,8.72,8.79
1988-12,31,8.09,8.24,8.99,9.09,9.11,9.09
1989-01,32,8.29,8.38,9.05,9.18,9.20,9.15
1989-02,33,8.48,8.49,9.25,9.37,9.32,9.27
1989-03,34,8.83,8.87,9.57,9.68,9.61,9.51
1989-04,35,8.70,8.73,9.36,9.45,9.40,9.30
1989-05,36,8.40,8.39,8.98,9.02,8.98,8.91
1989-06,37,8.22,8.00,8.44,8.41,8.37,8.29
